Datetime,Water Level (m)
2025-04-09 06:00:00,0.23297602
2025-04-09 07:00:00,-0.096391626
2025-04-09 08:00:00,-0.37039062
2025-04-09 09:00:00,-0.5452675
2025-04-09 10:00:00,-0.6686998
2025-04-09 11:00:00,-0.73671466
2025-04-09 12:00:00,-0.7129185
2025-04-09 13:00:00,-0.30447933
2025-04-09 14:00:00,0.14473307
2025-04-09 15:00:00,0.44104746
2025-04-09 16:00:00,0.6259745
2025-04-09 17:00:00,0.6060087
2025-04-09 18:00:00,0.3950564
2025-04-09 19:00:00,0.039824333
2025-04-09 20:00:00,-0.28196254
2025-04-09 21:00:00,-0.4930328
2025-04-09 22:00:00,-0.6504655
2025-04-09 23:00:00,-0.7623788
2025-04-10 00:00:00,-0.82846177
2025-04-10 01:00:00,-0.66053075
2025-04-10 02:00:00,-0.13223855
2025-04-10 03:00:00,0.23358123
2025-04-10 04:00:00,0.4782916
2025-04-10 05:00:00,0.59485453
2025-04-10 06:00:00,0.5146464
2025-04-10 07:00:00,0.25142935
2025-04-10 08:00:00,-0.09900949
2025-04-10 09:00:00,-0.35687518
2025-04-10 10:00:00,-0.53039336
2025-04-10 11:00:00,-0.65624595
2025-04-10 12:00:00,-0.7271115
2025-04-10 13:00:00,-0.5957953
2025-04-10 14:00:00,-0.009392053
2025-04-10 15:00:00,0.38066435
2025-04-10 16:00:00,0.6746621
2025-04-10 17:00:00,0.80455816
2025-04-10 18:00:00,0.72348267
2025-04-10 19:00:00,0.43089217
2025-04-10 20:00:00,0.026517577
2025-04-10 21:00:00,-0.27381507
2025-04-10 22:00:00,-0.47299093
2025-04-10 23:00:00,-0.6181527
2025-04-11 00:00:00,-0.7268952
2025-04-11 01:00:00,-0.73917896
2025-04-11 02:00:00,-0.25618204
2025-04-11 03:00:00,0.24328087
2025-04-11 04:00:00,0.560913
2025-04-11 05:00:00,0.7851615
2025-04-11 06:00:00,0.7819138
2025-04-11 07:00:00,0.56291175
2025-04-11 08:00:00,0.17706312
2025-04-11 09:00:00,-0.1503683
2025-04-11 10:00:00,-0.3681542
2025-04-11 11:00:00,-0.53041935
2025-04-11 12:00:00,-0.6486644
2025-04-11 13:00:00,-0.69764644
2025-04-11 14:00:00,-0.33413297
2025-04-11 15:00:00,0.23290259
2025-04-11 16:00:00,0.5853286
2025-04-11 17:00:00,0.84298205
2025-04-11 18:00:00,0.8585083
2025-04-11 19:00:00,0.6383071
2025-04-11 20:00:00,0.22406602
2025-04-11 21:00:00,-0.1374026
2025-04-11 22:00:00,-0.37727505
2025-04-11 23:00:00,-0.5515395
2025-04-12 00:00:00,-0.6884554
2025-04-12 01:00:00,-0.77749354
2025-04-12 02:00:00,-0.5944262
2025-04-12 03:00:00,0.039125554
2025-04-12 04:00:00,0.46052307
2025-04-12 05:00:00,0.7843359
2025-04-12 06:00:00,0.9033317
2025-04-12 07:00:00,0.7819076
2025-04-12 08:00:00,0.4352624
2025-04-12 09:00:00,0.036044452
2025-04-12 10:00:00,-0.24604945
2025-04-12 11:00:00,-0.43628398
2025-04-12 12:00:00,-0.59094155
2025-04-12 13:00:00,-0.7011554
2025-04-12 14:00:00,-0.66500163
2025-04-12 15:00:00,-0.08192201
2025-04-12 16:00:00,0.3784809
2025-04-12 17:00:00,0.6914268
2025-04-12 18:00:00,0.8648097
2025-04-12 19:00:00,0.76424575
2025-04-12 20:00:00,0.439864
2025-04-12 21:00:00,0.023458675
2025-04-12 22:00:00,-0.28831428
2025-04-12 23:00:00,-0.5019156
2025-04-13 00:00:00,-0.66211796
2025-04-13 01:00:00,-0.7728152
2025-04-13 02:00:00,-0.7606307
2025-04-13 03:00:00,-0.22414565
2025-04-13 04:00:00,0.29158396
2025-04-13 05:00:00,0.6441723
2025-04-13 06:00:00,0.89476645
2025-04-13 07:00:00,0.8881016
2025-04-13 08:00:00,0.6484574
2025-04-13 09:00:00,0.23378545
2025-04-13 10:00:00,-0.108990245
2025-04-13 11:00:00,-0.3430202
2025-04-13 12:00:00,-0.5232863
2025-04-13 13:00:00,-0.6639326
2025-04-13 14:00:00,-0.7376237
2025-04-13 15:00:00,-0.39219645
2025-04-13 16:00:00,0.17967738
2025-04-13 17:00:00,0.5465086
2025-04-13 18:00:00,0.8010058
2025-04-13 19:00:00,0.799792
2025-04-13 20:00:00,0.5525103
2025-04-13 21:00:00,0.13272092
2025-04-13 22:00:00,-0.22151908
2025-04-13 23:00:00,-0.4614032
2025-04-14 00:00:00,-0.64292806
2025-04-14 01:00:00,-0.7795593
2025-04-14 02:00:00,-0.86604303
2025-04-14 03:00:00,-0.61764175
2025-04-14 04:00:00,0.03616478
2025-04-14 05:00:00,0.47237164
2025-04-14 06:00:00,0.81501955
2025-04-14 07:00:00,0.9279052
2025-04-14 08:00:00,0.786824
2025-04-14 09:00:00,0.4219436
2025-04-14 10:00:00,0.024856357
2025-04-14 11:00:00,-0.24516356
2025-04-14 12:00:00,-0.43394768
2025-04-14 13:00:00,-0.58454615
2025-04-14 14:00:00,-0.7004832
2025-04-14 15:00:00,-0.6305099
2025-04-14 16:00:00,-0.021229269
2025-04-14 17:00:00,0.4116507
2025-04-14 18:00:00,0.6987552
2025-04-14 19:00:00,0.8072598
2025-04-14 20:00:00,0.62516785
2025-04-14 21:00:00,0.2280022
2025-04-14 22:00:00,-0.15350848
2025-04-14 23:00:00,-0.4122045
2025-04-15 00:00:00,-0.598174
2025-04-15 01:00:00,-0.74129117
2025-04-15 02:00:00,-0.8422602
2025-04-15 03:00:00,-0.78296405
2025-04-15 04:00:00,-0.19219166
2025-04-15 05:00:00,0.29953864
2025-04-15 06:00:00,0.6610995
